train_size,accuracy,accuracy,macro_f1,macro_f1
,mean,std,mean,std
500,0.8039999999999999,0.021949436844205774,0.8037715622097307,0.022149715950565387
1000,0.8222222222222223,0.005047918529600202,0.8219617182840229,0.005297968739046608
2000,0.824,0.010413666234542174,0.8230385020036145,0.010736549302074138
3000,0.8306666666666667,0.02771281292110206,0.82952484119907,0.02910388222071477
3500,0.831111111111111,0.016018507814169018,0.8297720676911041,0.01783819461111325
