,precision,recall,f1-score,support
0,0.7169811320754716,0.20266666666666666,0.316008316008316,375.0
1,0.5357142857142857,0.92,0.677134445534838,375.0
accuracy,0.5613333333333334,0.5613333333333334,0.5613333333333334,0.5613333333333334
macro avg,0.6263477088948787,0.5613333333333334,0.49657138077157703,750.0
weighted avg,0.6263477088948786,0.5613333333333334,0.49657138077157703,750.0
