model_name,n_bootstrap,macro_f1_mean,macro_f1_ci_lower,macro_f1_ci_upper
TFIDF,1000,0.4958823751542833,0.4623871243805817,0.5289091547145957
BERT,1000,0.8338804905480633,0.8076901151522061,0.8612542048895784
MacBERT,1000,0.8399955287556309,0.8143060404790452,0.868703365824336
TFIDF,1000,0.4958823751542833,0.4623871243805817,0.5289091547145957
BERT,1000,0.8338804905480633,0.8076901151522061,0.8612542048895784
MacBERT,1000,0.8399955287556309,0.8143060404790452,0.868703365824336
