,precision,recall,f1-score,support
0,0.8131578947368421,0.824,0.8185430463576159,375.0
1,0.8216216216216217,0.8106666666666666,0.8161073825503355,375.0
accuracy,0.8173333333333334,0.8173333333333334,0.8173333333333334,0.8173333333333334
macro avg,0.8173897581792319,0.8173333333333332,0.8173252144539758,750.0
weighted avg,0.817389758179232,0.8173333333333334,0.8173252144539757,750.0
