,precision,recall,f1-score,support
0,0.7671232876712328,0.896,0.8265682656826568,375.0
1,0.875,0.728,0.7947598253275109,375.0
accuracy,0.812,0.812,0.812,0.812
macro avg,0.8210616438356164,0.812,0.8106640455050839,750.0
weighted avg,0.8210616438356164,0.812,0.810664045505084,750.0
