,precision,recall,f1-score,support
0,0.801452784503632,0.8826666666666667,0.8401015228426396,375.0
1,0.8694362017804155,0.7813333333333333,0.8230337078651685,375.0
accuracy,0.832,0.832,0.832,0.832
macro avg,0.8354444931420237,0.8320000000000001,0.831567615353904,750.0
weighted avg,0.8354444931420236,0.832,0.831567615353904,750.0
