,precision,recall,f1-score,support
0,0.9338235294117647,0.6773333333333333,0.7851622874806801,375.0
1,0.7468619246861925,0.952,0.8370457209847597,375.0
accuracy,0.8146666666666667,0.8146666666666667,0.8146666666666667,0.8146666666666667
macro avg,0.8403427270489786,0.8146666666666667,0.8111040042327199,750.0
weighted avg,0.8403427270489786,0.8146666666666667,0.8111040042327198,750.0
