,precision,recall,f1-score,support
0,0.8387978142076503,0.8186666666666667,0.8286099865047234,375.0
1,0.8229166666666666,0.8426666666666667,0.8326745718050066,375.0
accuracy,0.8306666666666667,0.8306666666666667,0.8306666666666667,0.8306666666666667
macro avg,0.8308572404371585,0.8306666666666667,0.830642279154865,750.0
weighted avg,0.8308572404371586,0.8306666666666667,0.8306422791548651,750.0
