,precision,recall,f1-score,support
0,0.8632218844984803,0.7573333333333333,0.8068181818181818,375.0
1,0.7838479809976246,0.88,0.8291457286432161,375.0
accuracy,0.8186666666666667,0.8186666666666667,0.8186666666666667,0.8186666666666667
macro avg,0.8235349327480525,0.8186666666666667,0.8179819552306989,750.0
weighted avg,0.8235349327480525,0.8186666666666667,0.8179819552306989,750.0
