,precision,recall,f1-score,support
0,0.7955112219451371,0.8506666666666667,0.8221649484536082,375.0
1,0.839541547277937,0.7813333333333333,0.8093922651933702,375.0
accuracy,0.816,0.816,0.816,0.816
macro avg,0.817526384611537,0.8160000000000001,0.8157786068234891,750.0
weighted avg,0.817526384611537,0.816,0.8157786068234891,750.0
