,precision,recall,f1-score,support
0,0.8827160493827161,0.7626666666666667,0.8183118741058655,375.0
1,0.7910798122065728,0.8986666666666666,0.8414481897627965,375.0
accuracy,0.8306666666666667,0.8306666666666667,0.8306666666666667,0.8306666666666667
macro avg,0.8368979307946445,0.8306666666666667,0.8298800319343309,750.0
weighted avg,0.8368979307946444,0.8306666666666667,0.8298800319343309,750.0
