,precision,recall,f1-score,support
0,0.8783382789317508,0.7893333333333333,0.8314606741573034,375.0
1,0.8087167070217918,0.8906666666666667,0.8477157360406091,375.0
accuracy,0.84,0.84,0.84,0.84
macro avg,0.8435274929767713,0.8400000000000001,0.8395882050989563,750.0
weighted avg,0.8435274929767714,0.84,0.8395882050989564,750.0
