,precision,recall,f1-score,support
0,0.7424242424242424,0.9146666666666666,0.8195937873357229,375.0
1,0.8888888888888888,0.6826666666666666,0.7722473604826546,375.0
accuracy,0.7986666666666666,0.7986666666666666,0.7986666666666666,0.7986666666666666
macro avg,0.8156565656565656,0.7986666666666666,0.7959205739091888,750.0
weighted avg,0.8156565656565656,0.7986666666666666,0.7959205739091887,750.0
