,precision,recall,f1-score,support
0,0.855191256830601,0.8346666666666667,0.844804318488529,375.0
1,0.8385416666666666,0.8586666666666667,0.8484848484848485,375.0
accuracy,0.8466666666666667,0.8466666666666667,0.8466666666666667,0.8466666666666667
macro avg,0.8468664617486339,0.8466666666666667,0.8466445834866887,750.0
weighted avg,0.8468664617486338,0.8466666666666667,0.8466445834866887,750.0
