,precision,recall,f1-score,support
0,0.8064516129032258,0.7333333333333333,0.7681564245810056,375.0
1,0.7555012224938875,0.824,0.7882653061224489,375.0
accuracy,0.7786666666666666,0.7786666666666666,0.7786666666666666,0.7786666666666666
macro avg,0.7809764176985566,0.7786666666666666,0.7782108653517272,750.0
weighted avg,0.7809764176985566,0.7786666666666666,0.7782108653517273,750.0
