,precision,recall,f1-score,support
0,0.88,0.7626666666666667,0.8171428571428572,375.0
1,0.7905882352941176,0.896,0.84,375.0
accuracy,0.8293333333333334,0.8293333333333334,0.8293333333333334,0.8293333333333334
macro avg,0.8352941176470587,0.8293333333333334,0.8285714285714285,750.0
weighted avg,0.8352941176470589,0.8293333333333334,0.8285714285714286,750.0
