,precision,recall,f1-score,support
0,0.8987730061349694,0.7813333333333333,0.8359486447931527,375.0
1,0.8066037735849056,0.912,0.8560700876095119,375.0
accuracy,0.8466666666666667,0.8466666666666667,0.8466666666666667,0.8466666666666667
macro avg,0.8526883898599376,0.8466666666666667,0.8460093662013323,750.0
weighted avg,0.8526883898599374,0.8466666666666667,0.8460093662013324,750.0
