,precision,recall,f1-score,support
0,0.8360655737704918,0.816,0.8259109311740891,375.0
1,0.8203125,0.84,0.8300395256916996,375.0
accuracy,0.828,0.828,0.828,0.828
macro avg,0.8281890368852459,0.828,0.8279752284328943,750.0
weighted avg,0.8281890368852458,0.828,0.8279752284328944,750.0
