,precision,recall,f1-score,support
0,0.8333333333333334,0.8,0.8163265306122449,375.0
1,0.8076923076923077,0.84,0.8235294117647058,375.0
accuracy,0.82,0.82,0.82,0.82
macro avg,0.8205128205128205,0.8200000000000001,0.8199279711884754,750.0
weighted avg,0.8205128205128206,0.82,0.8199279711884754,750.0
