,precision,recall,f1-score,support
0,0.8163265306122449,0.8533333333333334,0.834419817470665,375.0
1,0.8463687150837989,0.808,0.8267394270122783,375.0
accuracy,0.8306666666666667,0.8306666666666667,0.8306666666666667,0.8306666666666667
macro avg,0.8313476228480219,0.8306666666666667,0.8305796222414716,750.0
weighted avg,0.8313476228480219,0.8306666666666667,0.8305796222414716,750.0
