,precision,recall,f1-score,support
0,0.7906403940886699,0.856,0.8220230473751601,375.0
1,0.8430232558139535,0.7733333333333333,0.8066759388038943,375.0
accuracy,0.8146666666666667,0.8146666666666667,0.8146666666666667,0.8146666666666667
macro avg,0.8168318249513118,0.8146666666666667,0.8143494930895272,750.0
weighted avg,0.8168318249513118,0.8146666666666667,0.8143494930895272,750.0
