,precision,recall,f1-score,support
0,0.8360215053763441,0.8293333333333334,0.8326639892904953,375.0
1,0.8306878306878307,0.8373333333333334,0.8339973439575034,375.0
accuracy,0.8333333333333334,0.8333333333333334,0.8333333333333334,0.8333333333333334
macro avg,0.8333546680320874,0.8333333333333334,0.8333306666239993,750.0
weighted avg,0.8333546680320874,0.8333333333333334,0.8333306666239993,750.0
