,precision,recall,f1-score,support
0,0.8772191556019693,0.8610338263288915,0.8690511380431569,6829.0
1,0.7414873331517298,0.7678420310296192,0.7544345898004434,3545.0
accuracy,0.8291883555041449,0.8291883555041449,0.8291883555041449,0.8291883555041449
macro avg,0.8093532443768495,0.8144379286792554,0.8117428639218002,10374.0
weighted avg,0.8308369201492897,0.8291883555041449,0.8298844074165501,10374.0
